timestamp,ip_address,request,status_code,referer,User_agent
2024-05-13 8:00:00,192.168.0.1,GET /page1 HTTP/1.1,200,https://www.google.com/,Mozilla/5.0
2024-05-13 8:15:00,192.168.0.2,POST /submit_form HTTP/1.1,200,https://www.facebook.com/,Mozilla/5.1
2024-05-13 8:30:00,192.168.0.3,GET /home HTTP/1.1,404,https://www.twitter.com/,Mozilla/5.2
2024-05-13 8:45:00,192.168.0.4,GET /page2 HTTP/1.1,200,https://www.linkedin.com/,Mozilla/5.3
2024-05-13 9:00:00,192.168.0.5,GET /page3 HTTP/1.1,302,https://www.instagram.com/,Mozilla/5.4
2024-05-13 9:15:00,192.168.0.6,POST /login HTTP/1.1,200,https://www.github.com/,Mozilla/5.5
2024-05-13 9:30:00,192.168.0.7,GET /dashboard HTTP/1.1,404,https://www.stackoverflow.com/,Mozilla/5.6
2024-05-13 9:45:00,192.168.0.8,GET /profile HTTP/1.1,200,https://www.youtube.com/,Mozilla/5.7
2024-05-13 10:00:00,192.168.0.9,GET /settings HTTP/1.1,500,https://www.reddit.com/,Mozilla/5.8
2024-05-13 10:15:00,192.168.0.10,POST /update_profile HTTP/1.1,200,https://www.medium.com/,Mozilla/5.9
2024-05-13 10:30:00,192.168.0.11,GET /logout HTTP/1.1,302,https://www.amazon.com/,Mozilla/5.10
2024-05-13 10:45:00,192.168.0.12,GET /page4 HTTP/1.1,200,https://www.netflix.com/,Mozilla/5.11
2024-05-13 11:00:00,192.168.0.13,GET /page5 HTTP/1.1,404,https://www.spotify.com/,Mozilla/5.12
2024-05-13 11:15:00,192.168.0.14,POST /submit_comment HTTP/1.1,200,https://www.apple.com/,Mozilla/5.13
2024-05-13 11:30:00,192.168.0.15,GET /page6 HTTP/1.1,500,https://www.microsoft.com/,Mozilla/5.14
2024-05-13 11:45:00,192.168.0.16,GET /page7 HTTP/1.1,200,https://www.yahoo.com/,Mozilla/5.15
2024-05-13 12:00:00,192.168.0.17,GET /page8 HTTP/1.1,302,https://www.bing.com/,Mozilla/5.16
2024-05-13 12:15:00,192.168.0.18,POST /like_post HTTP/1.1,200,https://www.wikipedia.org/,Mozilla/5.17
2024-05-13 12:30:00,192.168.0.19,GET /search?q=keyword HTTP/1.1,404,https://www.yahoo.com/,Mozilla/5.18
2024-05-13 12:45:00,192.168.0.20,POST /send_message HTTP/1.1,200,https://www.baidu.com/,Mozilla/5.19
2024-05-13 13:00:00,192.168.0.21,GET /page9 HTTP/1.1,500,https://www.amazon.com/,Mozilla/5.20
2024-05-13 13:15:00,192.168.0.22,GET /page10 HTTP/1.1,200,https://www.google.com/,Mozilla/5.21
2024-05-13 13:30:00,192.168.0.23,GET /page11 HTTP/1.1,302,https://www.facebook.com/,Mozilla/5.22
2024-05-13 13:45:00,192.168.0.24,POST /upload_file HTTP/1.1,200,https://www.twitter.com/,Mozilla/5.23
2024-05-13 14:00:00,192.168.0.25,GET /page12 HTTP/1.1,404,https://www.linkedin.com/,Mozilla/5.24
2024-05-13 14:15:00,192.168.0.26,GET /page13 HTTP/1.1,200,https://www.instagram.com/,Mozilla/5.25
2024-05-13 14:30:00,192.168.0.27,GET /page14 HTTP/1.1,500,https://www.github.com/,Mozilla/5.26
2024-05-13 14:45:00,192.168.0.28,POST /add_to_cart HTTP/1.1,200,https://www.stackoverflow.com/,Mozilla/5.27
2024-05-13 15:00:00,192.168.0.29,GET /checkout HTTP/1.1,302,https://www.youtube.com/,Mozilla/5.28
2024-05-13 15:15:00,192.168.0.30,GET /page15 HTTP/1.1,200,https://www.reddit.com/,Mozilla/5.29
2024-05-13 15:30:00,192.168.0.31,GET /page16 HTTP/1.1,404,https://www.medium.com/,Mozilla/5.30
2024-05-13 15:45:00,192.168.0.32,GET /page17 HTTP/1.1,200,https://www.amazon.com/,Mozilla/5.31
2024-05-13 16:00:00,192.168.0.33,POST /subscribe HTTP/1.1,500,https://www.netflix.com/,Mozilla/5.32
2024-05-13 16:15:00,192.168.0.34,GET /unsubscribe HTTP/1.1,200,https://www.spotify.com/,Mozilla/5.33
2024-05-13 16:30:00,192.168.0.35,GET /page18 HTTP/1.1,302,https://www.apple.com/,Mozilla/5.34
2024-05-13 16:45:00,192.168.0.36,GET /page19 HTTP/1.1,200,https://www.microsoft.com/,Mozilla/5.35
2024-05-13 17:00:00,192.168.0.37,POST /register HTTP/1.1,404,https://www.yahoo.com/,Mozilla/5.36
2024-05-13 17:15:00,192.168.0.38,GET /page20 HTTP/1.1,200,https://www.bing.com/,Mozilla/5.37
2024-05-13 17:30:00,192.168.0.39,GET /page21 HTTP/1.1,500,https://www.wikipedia.org/,Mozilla/5.38
2024-05-13 17:45:00,192.168.0.40,GET /page22 HTTP/1.1,200,https://www.yahoo.com/,Mozilla/5.39
2024-05-13 18:00:00,192.168.0.41,POST /update_password HTTP/1.1,302,https://www.baidu.com/,Mozilla/5.40
2024-05-13 18:15:00,192.168.0.42,GET /page23 HTTP/1.1,200,https://www.amazon.com/,Mozilla/5.41
2024-05-13 18:30:00,192.168.0.43,GET /page24 HTTP/1.1,404,https://www.google.com/,Mozilla/5.42
2024-05-13 18:45:00,192.168.0.44,GET /page25 HTTP/1.1,200,https://www.facebook.com/,Mozilla/5.43
2024-05-13 19:00:00,192.168.0.45,POST /create_event HTTP/1.1,500,https://www.twitter.com/,Mozilla/5.44
2024-05-13 19:15:00,192.168.0.46,GET /event_details HTTP/1.1,200,https://www.linkedin.com/,Mozilla/5.45
2024-05-13 19:30:00,192.168.0.47,GET /page26 HTTP/1.1,302,https://www.instagram.com/,Mozilla/5.46
2024-05-13 19:45:00,192.168.0.48,GET /page27 HTTP/1.1,200,https://www.github.com/,Mozilla/5.47
2024-05-13 20:00:00,192.168.0.49,GET /page28 HTTP/1.1,404,https://www.stackoverflow.com/,Mozilla/5.48
2024-05-13 20:15:00,192.168.0.50,POST /send_notification HTTP/1.1,200,https://www.youtube.com/,Mozilla/5.49
2024-05-13 20:30:00,192.168.0.51,GET /notification_settings HTTP/1.1,500,https://www.reddit.com/,Mozilla/5.50
2024-05-13 20:45:00,192.168.0.52,GET /page29 HTTP/1.1,200,https://www.medium.com/,Mozilla/5.51
2024-05-13 21:00:00,192.168.0.53,GET /page30 HTTP/1.1,302,https://www.amazon.com/,Mozilla/5.52
2024-05-13 21:15:00,192.168.0.54,GET /page31 HTTP/1.1,200,https://www.netflix.com/,Mozilla/5.53
2024-05-13 21:30:00,192.168.0.55,POST /edit_profile HTTP/1.1,404,https://www.spotify.com/,Mozilla/5.54
2024-05-13 21:45:00,192.168.0.56,GET /page32 HTTP/1.1,200,https://www.apple.com/,Mozilla/5.55
2024-05-13 22:00:00,192.168.0.57,GET /page33 HTTP/1.1,500,https://www.microsoft.com/,Mozilla/5.56
2024-05-13 22:15:00,192.168.0.58,GET /page34 HTTP/1.1,200,https://www.yahoo.com/,Mozilla/5.57
2024-05-13 22:30:00,192.168.0.59,POST /comment_on_post HTTP/1.1,302,https://www.bing.com/,Mozilla/5.58
2024-05-13 22:45:00,192.168.0.60,GET /page35 HTTP/1.1,200,https://www.wikipedia.org/,Mozilla/5.59
2024-05-13 23:00:00,192.168.0.61,GET /page36 HTTP/1.1,404,https://www.yahoo.com/,Mozilla/5.60
2024-05-13 23:15:00,192.168.0.62,GET /page37 HTTP/1.1,200,https://www.baidu.com/,Mozilla/5.61
2024-05-13 23:30:00,192.168.0.63,POST /share_post HTTP/1.1,500,https://www.amazon.com/,Mozilla/5.62
2024-05-13 23:45:00,192.168.0.64,GET /page38 HTTP/1.1,200,https://www.google.com/,Mozilla/5.63
2024-05-14 0:00:00,192.168.0.65,GET /page39 HTTP/1.1,302,https://www.facebook.com/,Mozilla/5.64
2024-05-14 0:15:00,192.168.0.66,GET /page40 HTTP/1.1,200,https://www.twitter.com/,Mozilla/5.65
2024-05-14 0:30:00,192.168.0.67,POST /create_group HTTP/1.1,404,https://www.linkedin.com/,Mozilla/5.66
2024-05-14 0:45:00,192.168.0.68,GET /group_details HTTP/1.1,200,https://www.instagram.com/,Mozilla/5.67
2024-05-14 1:00:00,192.168.0.69,GET /page41 HTTP/1.1,500,https://www.github.com/,Mozilla/5.68
2024-05-14 1:15:00,192.168.0.70,GET /page42 HTTP/1.1,200,https://www.stackoverflow.com/,Mozilla/5.69
2024-05-14 1:30:00,192.168.0.71,GET /page43 HTTP/1.1,302,https://www.youtube.com/,Mozilla/5.70
2024-05-14 1:45:00,192.168.0.72,POST /join_group HTTP/1.1,200,https://www.reddit.com/,Mozilla/5.71
2024-05-14 2:00:00,192.168.0.73,GET /leave_group HTTP/1.1,404,https://www.medium.com/,Mozilla/5.72
2024-05-14 2:15:00,192.168.0.74,GET /page44 HTTP/1.1,200,https://www.amazon.com/,Mozilla/5.73
2024-05-14 2:30:00,192.168.0.75,GET /page45 HTTP/1.1,500,https://www.netflix.com/,Mozilla/5.74
2024-05-14 2:45:00,192.168.0.76,POST /create_post HTTP/1.1,200,https://www.spotify.com/,Mozilla/5.75
2024-05-14 3:00:00,192.168.0.77,GET /post_details HTTP/1.1,302,https://www.apple.com/,Mozilla/5.76
2024-05-14 3:15:00,192.168.0.78,GET /page46 HTTP/1.1,200,https://www.microsoft.com/,Mozilla/5.77
2024-05-14 3:30:00,192.168.0.79,GET /page47 HTTP/1.1,404,https://www.yahoo.com/,Mozilla/5.78
2024-05-14 3:45:00,192.168.0.80,GET /page48 HTTP/1.1,200,https://www.bing.com/,Mozilla/5.79
2024-05-14 4:00:00,192.168.0.81,POST /report_abuse HTTP/1.1,500,https://www.wikipedia.org/,Mozilla/5.80
2024-05-14 4:15:00,192.168.0.82,GET /page49 HTTP/1.1,200,https://www.yahoo.com/,Mozilla/5.81
2024-05-14 4:30:00,192.168.0.83,GET /page50 HTTP/1.1,302,https://www.baidu.com/,Mozilla/5.82
2024-05-14 4:45:00,192.168.0.84,GET /page51 HTTP/1.1,200,https://www.amazon.com/,Mozilla/5.83
2024-05-14 5:00:00,192.168.0.85,POST /block_user HTTP/1.1,404,https://www.google.com/,Mozilla/5.84
2024-05-14 5:15:00,192.168.0.86,GET /unblock_user HTTP/1.1,200,https://www.facebook.com/,Mozilla/5.85
2024-05-14 5:30:00,192.168.0.87,GET /page52 HTTP/1.1,500,https://www.twitter.com/,Mozilla/5.86
2024-05-14 5:45:00,192.168.0.88,GET /page53 HTTP/1.1,200,https://www.linkedin.com/,Mozilla/5.87
2024-05-14 6:00:00,192.168.0.89,GET /page54 HTTP/1.1,302,https://www.instagram.com/,Mozilla/5.88
2024-05-14 6:15:00,192.168.0.90,POST /update_settings HTTP/1.1,200,https://www.github.com/,Mozilla/5.89
2024-05-14 6:30:00,192.168.0.91,GET /page55 HTTP/1.1,404,https://www.stackoverflow.com/,Mozilla/5.90
2024-05-14 6:45:00,192.168.0.92,GET /page56 HTTP/1.1,200,https://www.youtube.com/,Mozilla/5.91
2024-05-14 7:00:00,192.168.0.93,GET /page57 HTTP/1.1,500,https://www.reddit.com/,Mozilla/5.92
2024-05-14 7:15:00,192.168.0.94,POST /change_language HTTP/1.1,200,https://www.medium.com/,Mozilla/5.93
2024-05-14 7:30:00,192.168.0.95,GET /page58 HTTP/1.1,302,https://www.amazon.com/,Mozilla/5.94
2024-05-14 7:45:00,192.168.0.96,GET /page59 HTTP/1.1,200,https://www.netflix.com/,Mozilla/5.95
2024-05-14 8:00:00,192.168.0.97,GET /page60 HTTP/1.1,404,https://www.spotify.com/,Mozilla/5.96
2024-05-14 8:15:00,192.168.0.98,POST /search_settings HTTP/1.1,200,https://www.apple.com/,Mozilla/5.97
2024-05-14 8:30:00,192.168.0.99,GET /page61 HTTP/1.1,500,https://www.microsoft.com/,Mozilla/5.98
2024-05-14 8:45:00,192.168.0.100,GET /page62 HTTP/1.1,200,https://www.yahoo.com/,Mozilla/5.99
2024-05-14 9:00:00,192.168.0.101,GET /page63 HTTP/1.1,302,https://www.bing.com/,Mozilla/5.100
2024-05-14 9:15:00,192.168.0.102,POST /report_bug HTTP/1.1,200,https://www.wikipedia.org/,Mozilla/5.101
2024-05-14 9:30:00,192.168.0.103,GET /page64 HTTP/1.1,404,https://www.yahoo.com/,Mozilla/5.102
2024-05-14 9:45:00,192.168.0.104,GET /page65 HTTP/1.1,200,https://www.baidu.com/,Mozilla/5.103